"","OINUM","SEX","TARGAGE","CUST","YOUTHCUS","NUMCONV","LENPRECC","TARGOFF","VIOL","SEXOFF","BURGLARY","ROBBERY","THEFT","FR_FORG","CRIMDAM","DRUGS","OTHER","MOTORING","DK_NONSL"
"17",5973682,"Male","36/37","Community sentence",0,1,24.6324435318275,"OTHER OFFENCES","No","No","Yes","No","No","No","No","No","Yes","No","No"
"18",6781328,"Male","36/37","Community sentence",3,11,21.1444216290212,"THEFT","No","No","Yes","No","Yes","Yes","No","No","No","No","Yes"
"26",4378189,"Male","36/37","Community sentence",0,6,22.9240246406571,"THEFT","No","Yes","No","No","Yes","No","No","No","No","No","No"
"55",1893896,"Male","31/32","Community sentence",1,8,20.3093771389459,"VIOLENCE AGAINST PERSON","Yes","No","Yes","No","Yes","Yes","Yes","No","No","No","No"
"63",4748073,"Male","31/32","Community sentence",3,14,20.7063655030801,"VIOLENCE AGAINST PERSON","Yes","No","Yes","Yes","Yes","Yes","Yes","No","No","No","No"
"66",3546581,"Female","36/37","Community sentence",0,1,21.596167008898,"THEFT","No","No","No","No","Yes","No","No","No","No","No","No"
"71",4086680,"Male","36/37","Community sentence",1,16,25.3524982888433,"VIOLENCE AGAINST PERSON","Yes","No","Yes","No","Yes","No","No","Yes","Yes","No","No"
"78",4365042,"Male","36/37","Community sentence",0,3,25.4565366187543,"THEFT","No","No","No","No","Yes","No","Yes","No","No","No","No"
"79",6003526,"Male","36/37","Custodial sentence",2,14,21.7932922655715,"FRAUD AND FORGERY","No","No","Yes","Yes","Yes","Yes","No","No","No","No","No"
"99",6021158,"Female","36/37","Custodial sentence",2,18,24.4709103353867,"DRUGS OFFENCES","Yes","No","Yes","No","Yes","Yes","No","Yes","Yes","Yes","No"
"100",5482023,"Male","36/37","Community sentence",0,25,24.0876112251882,"THEFT","Yes","No","Yes","Yes","Yes","Yes","Yes","Yes","Yes","No","No"
"102",4143799,"Male","36/37","Community sentence",1,12,24.7939767282683,"CRIMINAL DAMAGE","Yes","No","Yes","Yes","Yes","No","Yes","No","No","No","No"
"126",4676541,"Male","31/32","Custodial sentence",6,22,19.4743326488706,"THEFT","Yes","No","Yes","Yes","Yes","Yes","Yes","No","Yes","No","No"
"145",5964488,"Male","36/37","Custodial sentence",0,8,22.0835044490075,"THEFT","Yes","No","Yes","No","Yes","Yes","No","No","No","No","Yes"
"163",4623486,"Male","31/32","Custodial sentence",3,16,19.1649555099247,"THEFT","Yes","No","Yes","No","Yes","No","No","Yes","Yes","Yes","Yes"
"195",3720820,"Male","31/32","Custodial sentence",0,3,19.0527036276523,"VIOLENCE AGAINST PERSON","Yes","No","No","No","Yes","No","No","No","Yes","No","No"
"207",5199261,"Male","31/32","Community sentence",0,1,17.1115674195756,"THEFT","Yes","No","No","No","Yes","No","No","No","Yes","No","No"
"210",5951573,"Male","36/37","Custodial sentence",0,5,18.0150581793292,"VIOLENCE AGAINST PERSON","Yes","No","No","No","Yes","Yes","Yes","No","Yes","No","No"
"215",6011128,"Male","36/37","Custodial sentence",1,4,17.284052019165,"VIOLENCE AGAINST PERSON","Yes","No","Yes","No","Yes","No","Yes","Yes","No","No","Yes"
"216",3859997,"Male","36/37","Community sentence",1,7,18.3025325119781,"DRUGS OFFENCES","Yes","No","No","No","Yes","No","No","Yes","No","No","Yes"
"221",3478000,"Male","36/37","Custodial sentence",0,8,17.7248459958932,"THEFT","Yes","No","Yes","No","Yes","Yes","No","No","Yes","No","No"
"240",4609491,"Male","31/32","Community sentence",0,1,16.8021902806297,"CRIMINAL DAMAGE","No","No","Yes","No","No","No","Yes","No","No","No","No"
"247",4474458,"Male","31/32","Community sentence",9,34,17.1909650924025,"OTHER OFFENCES","Yes","No","Yes","No","Yes","Yes","Yes","No","Yes","No","Yes"
"260",6064773,"Male","31/32","Community sentence",1,21,16.4599589322382,"FRAUD AND FORGERY","No","No","Yes","No","Yes","Yes","Yes","No","Yes","No","No"
"263",3609515,"Male","31/32","Custodial sentence",5,16,17.0294318959617,"OTHER OFFENCES","Yes","No","Yes","No","Yes","No","Yes","No","Yes","Yes","No"
"264",5988994,"Male","31/32","Community sentence",1,12,17.5359342915811,"THEFT","Yes","No","Yes","No","Yes","Yes","Yes","Yes","Yes","No","No"
"271",1730876,"Male","36/37","Community sentence",0,6,16.911704312115,"THEFT","No","No","Yes","No","Yes","Yes","No","No","No","No","No"
"286",2457322,"Male","31/32","Community sentence",1,10,17.2320328542094,"CRIMINAL DAMAGE","Yes","No","Yes","Yes","Yes","Yes","Yes","No","No","No","No"
"290",3094184,"Male","31/32","Community sentence",1,11,16.8843258042437,"CRIMINAL DAMAGE","Yes","No","No","Yes","Yes","Yes","Yes","No","Yes","No","No"
"291",3131509,"Male","31/32","Community sentence",0,10,16.8761122518823,"ROBBERY","Yes","No","Yes","Yes","Yes","Yes","Yes","No","Yes","No","Yes"
"301",5656972,"Female","31/32","Custodial sentence",2,9,16.8487337440109,"FRAUD AND FORGERY","Yes","No","No","No","Yes","Yes","No","No","No","No","No"
"305",6101564,"Male","26/27","Community sentence",0,1,11.4113620807666,"VIOLENCE AGAINST PERSON","Yes","No","Yes","No","Yes","No","No","No","No","No","No"
"316",4760332,"Male","26/27","Community sentence",0,2,11.4168377823409,"BURGLARY","No","No","Yes","No","Yes","Yes","Yes","No","No","No","No"
"324",6097060,"Male","21/22","Custodial sentence",4,18,9.88911704312115,"BURGLARY","Yes","No","Yes","No","Yes","Yes","No","No","Yes","No","No"
"326",6066074,"Male","31/32","Community sentence",0,7,9.89185489390828,"VIOLENCE AGAINST PERSON","Yes","No","Yes","No","Yes","Yes","Yes","Yes","Yes","No","No"
"330",5960866,"Female","31/32","Community sentence",0,3,13.2292950034223,"OTHER OFFENCES","No","No","No","No","Yes","No","No","No","Yes","No","No"
"331",6083685,"Male","26/27","Community sentence",3,16,12.5201916495551,"VIOLENCE AGAINST PERSON","Yes","No","Yes","No","Yes","No","Yes","Yes","No","No","No"
"337",4495338,"Male","36/37","Community sentence",0,3,18.6036960985626,"DRUGS OFFENCES","Yes","No","No","No","No","No","Yes","Yes","No","No","No"
"381",4396599,"Male","26/27","Community sentence",0,6,9.96303901437372,"OTHER OFFENCES","No","No","Yes","No","Yes","No","No","No","Yes","No","No"
"390",6062054,"Male","26/27","Community sentence",1,5,12.2683093771389,"OTHER OFFENCES","No","No","Yes","Yes","Yes","Yes","No","No","Yes","No","No"
"391",2493574,"Male","26/27","Community sentence",0,10,11.3702943189596,"OTHER OFFENCES","Yes","No","Yes","No","Yes","Yes","Yes","Yes","Yes","No","No"
"393",6043732,"Male","26/27","Community sentence",3,12,11.0362765229295,"THEFT","Yes","Yes","Yes","No","Yes","No","No","Yes","Yes","No","No"
"398",3812130,"Male","26/27","Community sentence",0,8,12.0246406570842,"ROBBERY","Yes","No","Yes","Yes","Yes","Yes","No","No","Yes","No","No"
"425",3940977,"Male","36/37","Custodial sentence",0,2,9.50034223134839,"THEFT","No","No","No","No","Yes","Yes","No","No","No","No","No"
"435",2111282,"Male","26/27","Custodial sentence",1,10,11.3949349760438,"VIOLENCE AGAINST PERSON","Yes","No","Yes","No","Yes","No","Yes","Yes","Yes","No","No"
"436",6133634,"Male","31/32","Community sentence",1,10,16.6132785763176,"DRUGS OFFENCES","No","No","Yes","No","Yes","No","No","Yes","Yes","No","No"
"443",4703592,"Male","26/27","Custodial sentence",3,14,16.476386036961,"SEXUAL OFFENCES","No","Yes","Yes","No","Yes","No","Yes","No","Yes","No","No"
"453",4047754,"Male","26/27","Community sentence",0,5,11.6358658453114,"DRUGS OFFENCES","No","No","Yes","No","Yes","No","No","Yes","No","No","No"
"469",4564598,"Male","31/32","Community sentence",5,28,20.6242299794661,"THEFT","Yes","No","Yes","No","Yes","Yes","Yes","No","Yes","Yes","Yes"
"507",4162939,"Female","31/32","Community sentence",0,4,13.6454483230664,"THEFT","No","No","No","No","Yes","Yes","No","No","No","No","No"
"517",5336437,"Male","36/37","Community sentence",0,8,15.3319644079398,"THEFT","Yes","No","No","No","Yes","No","No","No","No","No","No"
"521",6082515,"Male","26/27","Community sentence",0,5,9.82888432580424,"THEFT","No","No","Yes","No","Yes","No","Yes","No","No","No","No"
"523",3917557,"Male","26/27","Community sentence",0,11,14.4476386036961,"DRUGS OFFENCES","Yes","No","Yes","No","Yes","Yes","Yes","Yes","Yes","No","No"
"524",2296647,"Male","26/27","Community sentence",4,11,14.4339493497604,"FRAUD AND FORGERY","Yes","No","Yes","No","Yes","Yes","No","No","Yes","Yes","No"
"525",4093368,"Male","31/32","Community sentence",0,8,15.4496919917864,"DRUGS OFFENCES","Yes","No","Yes","No","Yes","No","No","Yes","Yes","No","No"
"535",6126497,"Female","31/32","Community sentence",0,2,13.9329226557153,"FRAUD AND FORGERY","No","No","Yes","No","Yes","Yes","No","No","Yes","No","No"
"548",4040819,"Male","21/22","Community sentence",1,9,10.3107460643395,"FRAUD AND FORGERY","Yes","No","Yes","No","Yes","Yes","Yes","No","No","No","No"
"551",5995669,"Male","31/32","Community sentence",1,12,12.4188911704312,"THEFT","No","No","Yes","No","Yes","No","Yes","No","No","No","No"
"557",2018258,"Male","31/32","Community sentence",0,3,12.8569472963723,"FRAUD AND FORGERY","No","No","No","No","Yes","Yes","No","No","No","No","No"
"577",5372538,"Male","26/27","Community sentence",0,7,12.9144421629021,"OTHER OFFENCES","Yes","No","Yes","No","Yes","No","Yes","No","Yes","No","No"
"580",5684808,"Male","26/27","Custodial sentence",0,2,10.0150581793292,"DRUGS OFFENCES","No","No","No","No","Yes","No","Yes","Yes","No","No","No"
"589",6035398,"Male","26/27","Community sentence",0,4,12.8213552361396,"VIOLENCE AGAINST PERSON","Yes","No","No","No","Yes","Yes","Yes","No","No","No","No"
"601",5955529,"Male","31/32","Community sentence",0,2,10.1327857631759,"DRUGS OFFENCES","Yes","No","No","No","No","No","No","Yes","No","No","No"
"606",6058295,"Male","31/32","Community sentence",0,2,11.5947980835044,"VIOLENCE AGAINST PERSON","Yes","No","No","No","Yes","No","Yes","No","No","No","No"
"609",6027667,"Male","36/37","Community sentence",0,3,15.5208761122519,"THEFT","No","No","Yes","No","Yes","No","Yes","No","Yes","No","No"
"612",6113071,"Male","26/27","Community sentence",1,4,12.621492128679,"VIOLENCE AGAINST PERSON","Yes","No","No","No","Yes","No","Yes","No","Yes","No","No"
"614",4751753,"Male","21/22","Community sentence",0,6,10.590006844627,"THEFT","No","Yes","Yes","No","Yes","No","Yes","No","No","No","No"
"624",2329050,"Male","31/32","Community sentence",1,5,13.3634496919918,"VIOLENCE AGAINST PERSON","Yes","No","Yes","No","Yes","No","Yes","No","Yes","No","Yes"
"632",3953282,"Male","31/32","Community sentence",0,4,11.791923340178,"THEFT","No","No","No","No","Yes","No","No","Yes","No","No","No"
"640",5331677,"Male","26/27","Community sentence",3,13,12.7529089664613,"CRIMINAL DAMAGE","Yes","No","Yes","No","Yes","Yes","Yes","No","No","Yes","No"
"647",835186,"Male","26/27","Community sentence",4,15,10.2532511978097,"CRIMINAL DAMAGE","Yes","No","Yes","No","Yes","No","Yes","No","No","No","No"
"654",4043235,"Male","26/27","Community sentence",0,9,10.6475017111567,"DRUGS OFFENCES","Yes","No","Yes","No","Yes","Yes","No","Yes","No","No","No"
"657",6091750,"Male","26/27","Community sentence",2,23,12.8733744010951,"THEFT","Yes","No","Yes","Yes","Yes","Yes","Yes","No","Yes","No","No"
"659",5666877,"Male","31/32","Community sentence",0,6,13.0294318959617,"CRIMINAL DAMAGE","Yes","No","Yes","No","No","No","Yes","No","Yes","No","No"
"666",4958744,"Male","26/27","Community sentence",1,12,10.8364134154689,"THEFT","Yes","No","Yes","No","Yes","No","Yes","No","Yes","No","No"
"675",4539156,"Male","26/27","Community sentence",0,5,9.5523613963039,"OTHER OFFENCES","No","No","No","No","Yes","No","Yes","No","Yes","No","No"
"677",3902013,"Male","31/32","Community sentence",0,22,12.8350444900753,"THEFT","Yes","No","Yes","Yes","Yes","Yes","Yes","Yes","Yes","No","No"
"683",2370585,"Male","31/32","Community sentence",4,19,19.9452429842574,"VIOLENCE AGAINST PERSON","Yes","No","Yes","No","Yes","Yes","Yes","No","Yes","No","Yes"
"701",6002918,"Male","31/32","Community sentence",0,1,10.2039698836413,"THEFT","No","No","Yes","No","Yes","No","No","No","No","No","No"
"704",5298354,"Male","26/27","Community sentence",0,3,9.7056810403833,"CRIMINAL DAMAGE","Yes","No","No","No","Yes","No","Yes","No","No","No","No"
"716",4175266,"Male","26/27","Community sentence",1,6,11.9069130732375,"OTHER OFFENCES","No","No","Yes","No","Yes","No","No","No","Yes","No","No"
"717",730153,"Male","26/27","Custodial sentence",3,13,10.7898699520876,"VIOLENCE AGAINST PERSON","Yes","No","Yes","No","Yes","Yes","Yes","Yes","No","No","No"
"722",6037670,"Male","26/27","Community sentence",0,9,12.0684462696783,"THEFT","No","No","Yes","Yes","Yes","No","No","No","No","No","No"
"743",4989244,"Male","26/27","Custodial sentence",3,18,13.574264202601,"BURGLARY","Yes","Yes","Yes","Yes","Yes","Yes","Yes","Yes","Yes","No","No"
"760",4218026,"Male","31/32","Community sentence",0,3,10.8446269678303,"VIOLENCE AGAINST PERSON","Yes","No","Yes","No","No","No","Yes","No","No","No","No"
"762",2444276,"Male","21/22","Community sentence",3,14,9.92197125256673,"THEFT","No","No","Yes","Yes","Yes","No","No","No","Yes","No","No"
"772",5849848,"Male","31/32","Community sentence",0,3,13.8343600273785,"CRIMINAL DAMAGE","Yes","No","No","No","Yes","No","Yes","No","No","No","No"
"785",5955379,"Male","21/22","Community sentence",1,2,9.48117727583847,"BURGLARY","No","No","Yes","No","Yes","No","Yes","No","No","No","No"
"808",5996662,"Male","26/27","Community sentence",0,6,13.7577002053388,"FRAUD AND FORGERY","No","No","Yes","No","Yes","Yes","No","Yes","No","No","No"
"818",6119146,"Male","26/27","Community sentence",0,7,15.482546201232,"THEFT","Yes","No","Yes","No","Yes","Yes","Yes","No","No","No","No"
"824",5775532,"Male","26/27","Community sentence",0,7,9.88911704312115,"THEFT","Yes","No","Yes","No","Yes","Yes","Yes","Yes","Yes","No","No"
"827",2844480,"Male","26/27","Community sentence",0,4,9.95208761122519,"CRIMINAL DAMAGE","Yes","No","No","No","Yes","No","Yes","No","No","No","No"
"828",3844373,"Male","26/27","Community sentence",0,11,11.1868583162218,"VIOLENCE AGAINST PERSON","Yes","No","Yes","No","Yes","No","No","Yes","Yes","No","No"
"883",6354601,"Male","31/32","Community sentence",0,6,14.2121834360027,"DRUGS OFFENCES","No","No","Yes","No","Yes","No","Yes","Yes","No","No","No"
"889",6755611,"Male","26/27","Community sentence",0,4,12.6872005475702,"CRIMINAL DAMAGE","Yes","No","Yes","No","Yes","No","Yes","Yes","Yes","No","No"
"908",2317183,"Male","26/27","Community sentence",0,2,11.1540041067762,"DRUGS OFFENCES","Yes","No","No","No","No","No","Yes","Yes","No","No","No"
"922",5991120,"Male","26/27","Community sentence",0,4,9.9356605065024,"FRAUD AND FORGERY","Yes","No","No","No","Yes","Yes","Yes","No","No","No","No"
"930",6095270,"Male","31/32","Custodial sentence",0,6,16.621492128679,"THEFT","Yes","No","Yes","Yes","Yes","Yes","No","No","Yes","No","No"
"936",5378930,"Male","26/27","Custodial sentence",7,18,13.7467488021903,"THEFT","No","No","Yes","Yes","Yes","No","Yes","Yes","Yes","Yes","No"
"952",2514837,"Male","31/32","Custodial sentence",2,16,14.6201232032854,"THEFT","Yes","No","Yes","Yes","Yes","Yes","Yes","No","Yes","Yes","Yes"
"970",5269467,"Male","36/37","Community sentence",0,1,14.425735797399,"VIOLENCE AGAINST PERSON","Yes","No","No","No","No","No","No","No","Yes","No","No"
"982",6312314,"Male","31/32","Community sentence",0,7,12.1423682409309,"VIOLENCE AGAINST PERSON","Yes","No","Yes","No","Yes","No","Yes","No","No","No","No"
"995",2191943,"Male","21/22","Community sentence",2,10,11.1129363449692,"BURGLARY","Yes","No","Yes","No","Yes","Yes","Yes","No","Yes","No","No"
"1003",3827868,"Male","26/27","Community sentence",3,9,14.8856947296372,"VIOLENCE AGAINST PERSON","Yes","No","Yes","No","Yes","Yes","Yes","No","No","Yes","No"
"1005",6097569,"Male","26/27","Custodial sentence",3,12,13.6290212183436,"THEFT","Yes","No","Yes","Yes","Yes","No","Yes","No","No","No","No"
"1007",7806898,"Male","26/27","Community sentence",0,2,11.5783709787817,"THEFT","Yes","No","No","No","Yes","No","No","No","No","No","No"
"1016",5868618,"Male","26/27","Custodial sentence",4,19,15.9671457905544,"BURGLARY","Yes","No","Yes","No","Yes","No","Yes","No","Yes","No","No"
"1026",6011161,"Male","26/27","Custodial sentence",5,17,15.9069130732375,"BURGLARY","Yes","No","Yes","No","Yes","No","Yes","No","No","Yes","No"
"1027",6049220,"Male","26/27","Community sentence",3,12,12.1916495550992,"FRAUD AND FORGERY","No","No","Yes","No","Yes","Yes","Yes","No","Yes","No","Yes"
"1031",4649370,"Male","26/27","Community sentence",1,8,11.7891854893908,"THEFT","Yes","No","Yes","No","Yes","No","Yes","No","Yes","No","No"
"1033",3474481,"Male","31/32","Community sentence",0,10,12.9609856262834,"FRAUD AND FORGERY","Yes","No","No","No","Yes","Yes","No","No","No","No","No"
"1042",2373648,"Male","31/32","Community sentence",0,3,13.7056810403833,"DRUGS OFFENCES","No","No","No","No","No","No","Yes","Yes","Yes","No","No"
"1072",34595,"Male","26/27","Community sentence",3,13,11.7891854893908,"CRIMINAL DAMAGE","Yes","No","Yes","No","Yes","No","Yes","No","No","No","No"
"1074",6061714,"Male","21/22","Community sentence",0,2,6.95414099931554,"CRIMINAL DAMAGE","No","No","No","No","Yes","No","Yes","No","No","No","No"
"1083",6074946,"Male","21/22","Community sentence",2,8,5.60164271047228,"THEFT","Yes","No","Yes","No","Yes","Yes","Yes","No","Yes","No","No"
"1085",5028866,"Male","21/22","Community sentence",1,9,7.76180698151951,"THEFT","Yes","Yes","Yes","No","Yes","No","Yes","No","No","No","Yes"
"1086",5466925,"Male","31/32","Community sentence",3,9,16.5065023956194,"DRUGS OFFENCES","No","No","Yes","Yes","Yes","No","Yes","Yes","Yes","No","No"
"1094",6046363,"Male","26/27","Community sentence",3,13,13.242984257358,"BURGLARY","Yes","No","Yes","No","Yes","No","Yes","No","Yes","Yes","No"
"1103",3868733,"Male","21/22","Custodial sentence",1,6,6.24777549623546,"BURGLARY","No","No","Yes","No","Yes","Yes","No","No","No","No","No"
"1106",4763378,"Male","21/22","Custodial sentence",0,6,8.02190280629706,"VIOLENCE AGAINST PERSON","Yes","No","Yes","No","Yes","No","Yes","No","Yes","No","No"
"1110",5977028,"Male","21/22","Custodial sentence",4,7,7.91512662559891,"THEFT","Yes","No","Yes","Yes","Yes","No","Yes","No","Yes","No","No"
"1121",2011243,"Male","21/22","Community sentence",0,4,4.46543463381246,"THEFT","No","No","No","No","Yes","No","No","No","No","No","No"
"1124",5481199,"Male","26/27","Community sentence",0,1,7.18685831622177,"DRUGS OFFENCES","No","No","No","No","Yes","No","No","Yes","No","No","No"
"1125",6011765,"Male","21/22","Community sentence",0,1,8.2984257357974,"FRAUD AND FORGERY","No","No","No","No","Yes","Yes","No","No","No","No","No"
"1131",5585037,"Male","26/27","Community sentence",0,6,10.7405886379192,"VIOLENCE AGAINST PERSON","Yes","No","Yes","No","Yes","No","No","Yes","No","No","No"
"1146",4259815,"Male","21/22","Community sentence",0,3,6.90759753593429,"DRUGS OFFENCES","No","No","Yes","No","Yes","No","No","Yes","No","No","No"
"1154",5563221,"Male","26/27","Custodial sentence",0,5,7.46885694729637,"FRAUD AND FORGERY","Yes","No","No","No","Yes","Yes","No","Yes","No","No","No"
"1163",6073307,"Male","21/22","Custodial sentence",2,6,5.52224503764545,"BURGLARY","Yes","No","Yes","No","Yes","No","No","No","Yes","No","No"
"1170",2130831,"Male","21/22","Community sentence",1,6,5.02121834360027,"THEFT","No","No","Yes","No","Yes","No","No","Yes","No","No","No"
"1211",5972115,"Male","21/22","Community sentence",0,2,4.16700889801506,"THEFT","No","No","No","No","Yes","No","No","No","No","No","No"
"1214",5968011,"Male","21/22","Community sentence",0,3,7.40041067761807,"THEFT","Yes","No","No","No","Yes","No","No","Yes","Yes","No","No"
"1222",1863759,"Male","26/27","Community sentence",1,8,9.99041752224504,"THEFT","Yes","No","Yes","No","Yes","No","Yes","No","Yes","No","No"
"1228",5952456,"Male","21/22","Community sentence",2,6,5.86173853524983,"DRUGS OFFENCES","Yes","No","No","No","Yes","No","Yes","Yes","Yes","No","No"
"1255",3745631,"Male","21/22","Custodial sentence",3,7,7.75906913073238,"BURGLARY","No","No","Yes","Yes","Yes","Yes","No","No","Yes","No","No"
"1263",3094002,"Male","21/22","Community sentence",0,1,4.71184120465435,"CRIMINAL DAMAGE","No","No","No","No","Yes","No","Yes","No","No","No","No"
"1269",1277136,"Male","26/27","Custodial sentence",3,9,8.67898699520876,"VIOLENCE AGAINST PERSON","Yes","No","Yes","Yes","Yes","No","Yes","No","No","No","No"
"1273",5078396,"Male","26/27","Community sentence",0,2,7.56194387405886,"THEFT","No","No","Yes","No","Yes","No","No","No","No","No","No"
"1293",6086038,"Male","26/27","Community sentence",0,3,7.9917864476386,"THEFT","No","No","No","No","Yes","No","No","No","No","No","No"
"1312",3841140,"Male","21/22","Community sentence",0,4,5.01848049281314,"DRUGS OFFENCES","Yes","No","No","No","Yes","No","No","Yes","Yes","No","No"
"1321",4536083,"Male","21/22","Community sentence",0,2,7.16495550992471,"OTHER OFFENCES","No","Yes","No","No","Yes","No","Yes","No","Yes","No","No"
"1343",6095103,"Female","26/27","Community sentence",0,2,7.66050650239562,"THEFT","No","No","No","No","Yes","No","No","No","No","No","No"
"1351",1554108,"Male","26/27","Custodial sentence",4,21,12.1505817932923,"THEFT","Yes","No","Yes","No","Yes","No","Yes","No","Yes","Yes","No"
"1372",5967248,"Male","26/27","Community sentence",0,1,6.23682409308693,"VIOLENCE AGAINST PERSON","Yes","No","No","No","No","No","Yes","No","No","No","No"
"1377",5560453,"Male","21/22","Custodial sentence",3,5,6.2943189596167,"BURGLARY","Yes","No","Yes","No","Yes","Yes","No","No","Yes","No","No"
"1384",6029920,"Male","21/22","Community sentence",0,3,6.1409993155373,"BURGLARY","No","No","Yes","No","Yes","Yes","No","No","Yes","No","No"
"1392",2729287,"Male","26/27","Community sentence",4,10,9.01300479123888,"THEFT","No","No","Yes","No","Yes","Yes","Yes","No","Yes","Yes","No"
"1401",2684697,"Male","21/22","Community sentence",0,3,7.23887748117728,"DRUGS OFFENCES","Yes","No","Yes","No","Yes","No","No","Yes","No","No","No"
"1409",2035150,"Male","26/27","Community sentence",0,3,7.55373032169747,"VIOLENCE AGAINST PERSON","Yes","No","No","No","No","No","No","Yes","No","No","No"
"1424",6083653,"Male","26/27","Custodial sentence",0,2,5.8590006844627,"DRUGS OFFENCES","No","No","No","No","No","No","No","Yes","No","No","No"
"1426",272338,"Male","21/22","Community sentence",0,7,7.73990417522245,"VIOLENCE AGAINST PERSON","Yes","No","Yes","No","Yes","No","No","No","Yes","No","No"
"1435",5951350,"Male","21/22","Custodial sentence",7,17,8.57494866529774,"THEFT","No","No","Yes","No","Yes","No","No","No","Yes","No","Yes"
"1447",5980849,"Male","21/22","Community sentence",0,3,5.84531143052704,"VIOLENCE AGAINST PERSON","Yes","No","Yes","No","No","No","No","No","Yes","No","No"
"1449",5993685,"Male","21/22","Community sentence",0,5,7.89322381930185,"THEFT","No","No","Yes","No","Yes","No","No","No","No","No","No"
"1462",3786285,"Male","21/22","Community sentence",2,9,7.06091718001369,"THEFT","Yes","No","Yes","No","Yes","No","Yes","No","Yes","No","No"
"1475",6104739,"Male","26/27","Community sentence",2,17,13.0677618069815,"VIOLENCE AGAINST PERSON","Yes","No","No","No","Yes","Yes","Yes","Yes","No","Yes","Yes"
"1483",6004253,"Male","21/22","Community sentence",0,3,8.35318275154004,"FRAUD AND FORGERY","No","No","Yes","No","Yes","Yes","No","No","No","No","No"
"1496",6063568,"Male","26/27","Community sentence",1,2,7.01163586584531,"VIOLENCE AGAINST PERSON","Yes","No","No","No","No","No","Yes","No","No","No","No"
"1506",3388908,"Male","26/27","Community sentence",0,2,9.48665297741273,"THEFT","No","No","No","No","Yes","No","Yes","No","No","No","No"
"1509",6015873,"Male","21/22","Community sentence",0,4,7.94524298425736,"CRIMINAL DAMAGE","No","No","Yes","No","Yes","No","Yes","No","No","No","No"
"1515",5713308,"Male","21/22","Community sentence",0,5,5.73305954825462,"THEFT","No","No","No","No","Yes","No","No","Yes","Yes","No","No"
"1519",2685911,"Male","36/37","Community sentence",0,6,12.1505817932923,"DRUGS OFFENCES","Yes","No","No","No","Yes","No","Yes","Yes","No","No","No"
"1531",6033530,"Male","21/22","Community sentence",1,6,5.21560574948665,"OTHER OFFENCES","Yes","No","Yes","No","Yes","No","No","No","Yes","No","No"
"1560",5984303,"Male","21/22","Community sentence",0,2,4.76659822039699,"FRAUD AND FORGERY","No","No","No","No","Yes","Yes","No","No","No","No","No"
"1561",6079576,"Male","21/22","Community sentence",0,2,6.51060917180014,"FRAUD AND FORGERY","No","No","No","No","Yes","Yes","No","No","No","No","No"
"1573",4393406,"Male","26/27","Community sentence",0,1,7.18685831622177,"DRUGS OFFENCES","No","No","No","No","No","No","Yes","Yes","No","No","No"
"1578",1997859,"Male","21/22","Community sentence",0,4,8.28473648186174,"VIOLENCE AGAINST PERSON","Yes","No","Yes","Yes","Yes","No","No","No","No","No","No"
"1585",4084417,"Male","21/22","Community sentence",0,4,8.66255989048597,"THEFT","No","No","Yes","No","Yes","Yes","No","Yes","No","No","No"
"1616",5640520,"Male","21/22","Community sentence",2,3,6.65845311430527,"THEFT","No","No","Yes","No","Yes","No","No","No","No","No","No"
"1618",2942313,"Male","26/27","Community sentence",1,13,13.3333333333333,"BURGLARY","No","No","Yes","No","Yes","Yes","Yes","No","No","No","No"
"1621",6096342,"Male","26/27","Community sentence",1,9,8.20807665982204,"CRIMINAL DAMAGE","Yes","No","Yes","No","Yes","No","Yes","No","No","No","No"
"1647",3931994,"Male","21/22","Community sentence",0,1,5.44284736481862,"VIOLENCE AGAINST PERSON","Yes","No","No","No","Yes","No","No","No","No","No","No"
"1654",6044258,"Male","21/22","Community sentence",1,6,6.64202600958248,"VIOLENCE AGAINST PERSON","Yes","No","Yes","No","Yes","No","No","No","No","No","No"
"1658",4161087,"Male","21/22","Community sentence",0,2,5.08966461327858,"DRUGS OFFENCES","No","No","No","No","Yes","No","No","Yes","No","No","No"
"1672",5022810,"Male","21/22","Community sentence",2,10,8.85968514715948,"CRIMINAL DAMAGE","No","No","Yes","No","Yes","No","Yes","No","Yes","No","No"
"1701",4312943,"Male","21/22","Community sentence",3,9,8.04380561259411,"THEFT","Yes","No","Yes","No","Yes","No","Yes","No","Yes","No","No"
"1702",4383744,"Male","21/22","Custodial sentence",0,4,6.86926762491444,"VIOLENCE AGAINST PERSON","Yes","No","No","No","Yes","Yes","No","No","No","No","No"
"1710",2694127,"Male","21/22","Community sentence",1,9,8.46817248459959,"VIOLENCE AGAINST PERSON","Yes","No","No","No","Yes","Yes","Yes","No","No","No","No"
"1732",5352461,"Male","21/22","Community sentence",0,3,7.84394250513347,"VIOLENCE AGAINST PERSON","Yes","No","Yes","No","No","No","Yes","No","No","No","No"
"1742",5235805,"Female","21/22","Community sentence",0,11,7.7700205338809,"THEFT","No","No","No","No","Yes","Yes","No","No","No","No","No"
"1743",6039732,"Male","26/27","Community sentence",0,2,6.6009582477755,"THEFT","No","No","No","No","Yes","No","No","No","No","No","No"
"1746",1429301,"Male","21/22","Community sentence",0,3,5.9192334017796,"DRUGS OFFENCES","Yes","No","No","No","Yes","No","Yes","Yes","Yes","No","No"
"1760",4567225,"Male","26/27","Community sentence",0,17,8.25462012320328,"CRIMINAL DAMAGE","Yes","No","Yes","No","Yes","Yes","Yes","No","Yes","No","No"
"1766",6048754,"Male","26/27","Community sentence",1,6,7.72621492128679,"VIOLENCE AGAINST PERSON","Yes","No","Yes","No","Yes","No","Yes","No","Yes","No","No"
"1772",3095845,"Male","21/22","Community sentence",2,6,7.27994524298426,"FRAUD AND FORGERY","No","Yes","Yes","No","Yes","Yes","No","No","Yes","No","No"
"1798",6000569,"Female","31/32","Community sentence",0,1,6.93223819301848,"THEFT","No","No","No","No","Yes","No","No","No","No","No","No"
"1812",2379526,"Male","26/27","Community sentence",0,2,6.00684462696783,"VIOLENCE AGAINST PERSON","Yes","No","No","No","No","No","Yes","Yes","Yes","No","No"
"1829",5047261,"Male","26/27","Community sentence",0,8,8.81314168377823,"THEFT","No","No","No","No","Yes","No","Yes","No","Yes","No","No"
"1835",6489373,"Male","21/22","Community sentence",0,6,8.71731690622861,"OTHER OFFENCES","Yes","No","Yes","No","Yes","Yes","Yes","No","Yes","No","No"
"1841",4467941,"Male","21/22","Community sentence",1,2,5.55783709787817,"VIOLENCE AGAINST PERSON","Yes","No","No","No","Yes","No","No","No","No","No","No"
"1845",5512404,"Male","21/22","Community sentence",1,12,8.48186173853525,"THEFT","Yes","No","Yes","No","Yes","No","Yes","No","No","No","No"
"1847",1849706,"Male","21/22","Community sentence",0,1,7.76728268309377,"THEFT","No","No","No","No","Yes","No","No","No","No","No","No"
"1859",6070664,"Female","21/22","Custodial sentence",4,9,5.47843942505133,"OTHER OFFENCES","Yes","No","Yes","No","Yes","Yes","Yes","No","Yes","No","No"
"1860",6054031,"Male","26/27","Custodial sentence",0,2,7.37850787132101,"DRUGS OFFENCES","Yes","No","No","No","No","No","No","Yes","No","No","No"
"1878",2444757,"Male","21/22","Community sentence",0,3,6.61190965092402,"THEFT","No","No","No","No","Yes","No","No","No","No","No","No"
"1895",5029252,"Male","31/32","Community sentence",0,4,9.03490759753593,"VIOLENCE AGAINST PERSON","Yes","No","No","No","Yes","No","Yes","No","No","No","No"
"1897",6000574,"Female","21/22","Community sentence",1,5,4.69541409993155,"THEFT","Yes","No","Yes","No","Yes","No","No","No","No","No","No"
"1906",5955692,"Male","21/22","Community sentence",0,3,5.25941136208077,"THEFT","Yes","No","Yes","No","Yes","No","No","Yes","No","No","No"
"1925",90953,"Female","26/27","Community sentence",0,2,6.86652977412731,"VIOLENCE AGAINST PERSON","Yes","No","No","No","Yes","No","No","No","No","No","No"
"1929",5129364,"Male","26/27","Community sentence",0,2,4.47638603696099,"THEFT","No","No","No","No","Yes","No","No","No","No","No","No"
"1965",5370741,"Male","36/37","Community sentence",0,1,5.57152635181383,"VIOLENCE AGAINST PERSON","Yes","No","No","No","No","No","Yes","No","No","No","No"
"1973",2206513,"Male","21/22","Community sentence",0,3,5.8507871321013,"BURGLARY","No","No","Yes","No","Yes","No","Yes","No","No","No","No"
"1981",5957325,"Male","21/22","Community sentence",0,5,4.53935660506502,"THEFT","Yes","No","Yes","No","Yes","No","No","No","No","No","No"
"1992",2016852,"Male","21/22","Community sentence",0,1,4.21902806297057,"OTHER OFFENCES","No","No","No","No","Yes","No","No","No","Yes","No","No"
"2010",5983493,"Male","21/22","Community sentence",0,2,4.64065708418891,"OTHER OFFENCES","No","No","No","No","Yes","Yes","No","No","Yes","No","No"
"2011",6017592,"Male","21/22","Community sentence",0,2,2.76796714579055,"BURGLARY","Yes","No","Yes","No","No","No","No","No","No","No","No"
"2023",3027188,"Female","21/22","Custodial sentence",0,2,3.78370978781656,"DRUGS OFFENCES","Yes","No","No","No","Yes","No","No","Yes","No","No","No"
"2025",5951492,"Male","26/27","Community sentence",0,3,8.26830937713895,"CRIMINAL DAMAGE","Yes","Yes","No","No","No","No","Yes","No","Yes","No","No"
"2026",4144350,"Female","26/27","Community sentence",0,1,1.5523613963039,"DRUGS OFFENCES","No","No","No","No","No","No","No","Yes","No","No","No"
"2042",1661465,"Male","21/22","Community sentence",0,3,4.17796030116359,"THEFT","No","No","Yes","No","Yes","No","No","No","Yes","No","No"
"2051",1543486,"Male","21/22","Community sentence",0,3,3.54277891854894,"BURGLARY","No","No","Yes","No","Yes","No","Yes","Yes","Yes","No","No"
"2058",5022243,"Male","36/37","Community sentence",0,2,4.12320328542094,"CRIMINAL DAMAGE","Yes","No","No","No","Yes","No","Yes","No","No","No","No"
"2062",3612587,"Male","21/22","Community sentence",0,2,3.58658453114305,"VIOLENCE AGAINST PERSON","Yes","No","No","No","No","No","Yes","Yes","No","No","No"
"2077",6067316,"Male","21/22","Community sentence",0,3,2.22313483915127,"VIOLENCE AGAINST PERSON","Yes","No","No","No","Yes","No","Yes","No","No","No","No"
"2078",5962316,"Male","26/27","Custodial sentence",0,3,9.927446954141,"FRAUD AND FORGERY","No","No","No","No","Yes","Yes","Yes","No","No","No","No"
"2114",4264292,"Male","26/27","Community sentence",0,5,9.15263518138261,"BURGLARY","Yes","No","Yes","No","Yes","No","Yes","No","No","No","No"
"2131",452113,"Male","26/27","Community sentence",0,3,10.0150581793292,"THEFT","No","No","Yes","No","Yes","Yes","No","No","No","No","No"
"2134",6105327,"Female","36/37","Community sentence",0,3,2.93223819301848,"FRAUD AND FORGERY","No","No","No","No","Yes","Yes","No","No","No","No","No"
"2163",5181250,"Male","21/22","Community sentence",0,3,4.10677618069815,"BURGLARY","Yes","No","Yes","No","Yes","No","Yes","No","No","No","No"
"2171",5212246,"Male","21/22","Community sentence",1,1,1.4154688569473,"CRIMINAL DAMAGE","Yes","No","No","Yes","No","No","Yes","No","No","No","No"
"2198",3877731,"Male","21/22","Community sentence",0,2,2.32717316906229,"VIOLENCE AGAINST PERSON","Yes","No","No","No","No","No","Yes","No","No","No","No"
"2213",1878303,"Male","21/22","Community sentence",0,3,3.87405886379192,"THEFT","No","No","No","No","Yes","No","No","No","No","No","No"
"2214",3149695,"Male","21/22","Custodial sentence",0,6,3.26078028747433,"VIOLENCE AGAINST PERSON","Yes","No","No","No","Yes","No","Yes","No","Yes","No","No"
"2235",5999642,"Female","26/27","Community sentence",0,1,3.52635181382615,"THEFT","No","No","No","No","Yes","Yes","No","No","No","No","No"
"2238",2101707,"Male","21/22","Community sentence",1,1,4.08213552361396,"DRUGS OFFENCES","No","No","No","No","No","No","Yes","Yes","Yes","No","No"
"2245",5998896,"Male","21/22","Custodial sentence",0,2,2.22313483915127,"CRIMINAL DAMAGE","No","No","No","No","Yes","Yes","Yes","No","Yes","No","No"
"2250",6079671,"Female","31/32","Community sentence",0,1,3.14305270362765,"THEFT","No","No","No","No","Yes","Yes","No","Yes","No","No","No"
"2256",349242,"Male","21/22","Custodial sentence",1,8,3.94250513347023,"BURGLARY","Yes","No","Yes","No","Yes","Yes","No","Yes","Yes","No","No"
"2269",5577159,"Male","26/27","Community sentence",0,3,2.26694045174538,"THEFT","No","No","No","No","Yes","No","No","Yes","No","No","No"
"2285",4993785,"Male","21/22","Community sentence",0,2,4.73921971252567,"CRIMINAL DAMAGE","Yes","No","No","No","No","No","Yes","No","No","No","No"
"2289",5959445,"Male","21/22","Community sentence",0,3,2.38466803559206,"CRIMINAL DAMAGE","No","No","Yes","No","No","No","Yes","No","No","No","No"
"2290",5448166,"Male","21/22","Community sentence",1,3,3.04722792607803,"THEFT","Yes","No","Yes","No","Yes","No","Yes","No","No","No","No"
"2296",6098893,"Male","21/22","Community sentence",0,2,4.20260095824778,"OTHER OFFENCES","No","No","Yes","No","Yes","No","No","No","Yes","No","No"
"2316",2744790,"Male","21/22","Community sentence",0,2,4.53661875427789,"DRUGS OFFENCES","No","No","Yes","No","No","No","No","Yes","No","No","No"
"2318",6124021,"Male","21/22","Custodial sentence",1,5,2.05886379192334,"THEFT","No","No","Yes","No","Yes","No","No","No","No","No","No"
"2331",6131098,"Female","21/22","Community sentence",0,2,3.35660506502396,"FRAUD AND FORGERY","No","No","No","No","Yes","Yes","Yes","Yes","No","No","No"
"2338",2533140,"Male","21/22","Community sentence",0,1,3.94524298425736,"THEFT","No","No","No","No","Yes","Yes","No","No","No","No","No"
"2340",3746556,"Male","21/22","Community sentence",0,2,2.5845311430527,"BURGLARY","Yes","No","Yes","No","Yes","Yes","No","No","No","No","No"
"2346",4143166,"Male","21/22","Community sentence",0,3,1.83162217659138,"DRUGS OFFENCES","No","No","No","No","Yes","No","No","Yes","No","No","No"
"2363",2978189,"Male","36/37","Community sentence",0,1,3.85215605749487,"VIOLENCE AGAINST PERSON","Yes","No","No","No","Yes","No","No","No","No","No","No"
"2364",2783896,"Male","26/27","Community sentence",1,3,8.81587953456537,"THEFT","No","No","No","No","Yes","No","No","No","Yes","No","No"
"2369",3896587,"Male","21/22","Community sentence",1,6,5.44558521560575,"OTHER OFFENCES","No","No","Yes","No","Yes","No","No","No","Yes","No","No"
"2371",6109120,"Male","21/22","Community sentence",2,5,5.88637919233402,"THEFT","No","No","Yes","No","Yes","No","No","Yes","No","No","No"
"2403",4945831,"Male","26/27","Community sentence",0,2,2.47501711156742,"OTHER OFFENCES","Yes","No","No","No","No","Yes","No","Yes","Yes","No","No"
"2420",3301356,"Male","21/22","Custodial sentence",1,1,2.0807665982204,"BURGLARY","No","No","Yes","No","Yes","No","No","No","Yes","No","No"
"2430",5201419,"Male","21/22","Custodial sentence",1,2,3.54551676933607,"VIOLENCE AGAINST PERSON","Yes","No","No","No","Yes","No","No","No","Yes","No","No"
"2436",4334669,"Male","21/22","Community sentence",1,1,3.74811772758385,"THEFT","No","No","No","No","Yes","No","Yes","No","Yes","No","No"
"2454",6003755,"Male","21/22","Community sentence",0,1,1.04585900068446,"THEFT","No","No","No","No","Yes","Yes","No","No","No","No","No"
"2457",4199633,"Male","21/22","Community sentence",0,1,0.172484599589322,"THEFT","No","No","No","No","Yes","No","Yes","No","No","No","No"
"2470",2839099,"Male","21/22","Community sentence",0,1,1.04585900068446,"THEFT","No","No","No","No","Yes","No","No","No","No","No","No"
"2475",6038462,"Male","21/22","Community sentence",0,2,0.722792607802875,"DRUGS OFFENCES","No","No","No","No","Yes","Yes","No","Yes","Yes","No","No"
"2482",6119074,"Female","21/22","Community sentence",0,1,1.06228610540726,"OTHER OFFENCES","No","No","No","No","No","Yes","No","No","Yes","No","No"
"2484",6057033,"Female","26/27","Community sentence",0,3,0.974674880219028,"OTHER OFFENCES","No","No","No","No","No","No","No","No","Yes","No","No"
"2485",6025476,"Male","21/22","Community sentence",0,1,0.709103353867214,"FRAUD AND FORGERY","No","No","Yes","No","Yes","Yes","Yes","No","No","No","No"
"2487",5994170,"Male","21/22","Community sentence",0,1,0.520191649555099,"FRAUD AND FORGERY","No","No","No","No","No","Yes","No","No","No","No","No"
"2495",4507098,"Female","21/22","Community sentence",0,1,0.744695414099932,"VIOLENCE AGAINST PERSON","Yes","No","No","No","No","No","Yes","No","No","No","No"
"2496",5950100,"Female","21/22","Community sentence",0,1,0.517453798767967,"DRUGS OFFENCES","Yes","No","No","No","No","No","No","Yes","No","No","No"
"2497",4884302,"Male","21/22","Community sentence",0,1,0.399726214921287,"CRIMINAL DAMAGE","No","No","Yes","No","No","No","Yes","No","No","No","No"
"2500",4950070,"Male","26/27","Community sentence",0,1,0.479123887748118,"CRIMINAL DAMAGE","Yes","No","No","No","No","No","Yes","No","No","No","No"
"2518",4658775,"Male","21/22","Community sentence",0,1,1.1170431211499,"BURGLARY","No","No","Yes","No","Yes","No","Yes","No","No","No","No"
"2524",6118431,"Male","31/32","Community sentence",1,13,17.7440109514031,"THEFT","Yes","No","Yes","Yes","Yes","Yes","No","No","No","No","No"
"2539",6036161,"Male","21/22","Community sentence",0,1,1.492128678987,"VIOLENCE AGAINST PERSON","Yes","No","No","No","Yes","No","Yes","No","No","No","No"
"2540",2103951,"Male","21/22","Community sentence",0,1,1.76865160848734,"CRIMINAL DAMAGE","No","No","No","No","No","No","Yes","No","No","No","No"
"2564",6061808,"Male","21/22","Community sentence",0,1,1.1854893908282,"THEFT","Yes","No","No","No","Yes","No","No","No","No","No","No"
"2570",6133859,"Male","21/22","Custodial sentence",0,0,0,"THEFT","No","No","No","No","Yes","No","No","No","No","No","No"
"2583",5704489,"Male","31/32","Custodial sentence",0,0,0,"DRUGS OFFENCES","No","No","No","No","No","No","No","Yes","No","No","No"
"2584",5757334,"Male","21/22","Community sentence",0,0,0,"OTHER OFFENCES","No","No","No","No","No","No","Yes","No","Yes","No","No"
"2591",5618747,"Female","26/27","Community sentence",0,0,0,"FRAUD AND FORGERY","No","No","No","No","No","Yes","No","No","No","No","No"
"2609",5971673,"Male","21/22","Community sentence",0,0,0,"CRIMINAL DAMAGE","No","No","No","No","No","No","Yes","No","No","No","No"
"2612",5371714,"Male","21/22","Community sentence",0,0,0,"THEFT","No","No","No","No","Yes","No","No","No","No","No","No"
"2628",6092370,"Male","21/22","Community sentence",0,0,0,"ROBBERY","No","No","No","Yes","No","No","No","No","No","No","No"
"2633",2524874,"Male","21/22","Community sentence",0,0,0,"THEFT","No","No","No","No","Yes","No","No","No","No","No","No"
"2643",6102725,"Female","36/37","Community sentence",0,0,0,"CRIMINAL DAMAGE","Yes","No","No","No","No","No","Yes","No","No","No","No"
"2652",2178291,"Male","21/22","Community sentence",0,1,6.05886379192334,"VIOLENCE AGAINST PERSON","Yes","No","No","No","Yes","No","No","No","No","No","No"
"2655",6083337,"Male","21/22","Custodial sentence",0,0,0,"DRUGS OFFENCES","No","No","No","No","No","No","No","Yes","No","No","No"
"2667",5322444,"Male","36/37","Community sentence",0,0,0,"BURGLARY","No","No","Yes","No","Yes","No","No","No","Yes","No","No"
"2668",6036933,"Male","36/37","Community sentence",0,0,0,"VIOLENCE AGAINST PERSON","Yes","No","No","No","No","No","No","No","No","No","No"
"2683",5139076,"Female","21/22","Community sentence",0,0,0,"VIOLENCE AGAINST PERSON","Yes","No","No","No","No","No","No","No","No","No","No"
"2685",6035036,"Male","21/22","Community sentence",0,0,0,"DRUGS OFFENCES","No","No","No","No","No","No","No","Yes","No","No","No"
"2697",4412422,"Male","21/22","Community sentence",0,0,0,"CRIMINAL DAMAGE","No","No","No","No","No","No","Yes","No","No","No","No"
"2701",5966994,"Male","21/22","Community sentence",0,0,0,"BURGLARY","No","No","Yes","No","No","No","No","No","No","No","No"
"2776",6002971,"Female","21/22","Community sentence",0,0,0,"VIOLENCE AGAINST PERSON","Yes","No","No","No","No","No","No","No","No","No","No"
"2788",6039724,"Male","21/22","Community sentence",0,0,0,"CRIMINAL DAMAGE","No","No","No","No","No","No","Yes","No","No","No","No"
"2790",4594233,"Female","21/22","Community sentence",0,0,0,"BURGLARY","No","No","Yes","No","No","No","No","No","No","No","No"
"2793",1353230,"Male","36/37","Community sentence",0,0,0,"THEFT","No","No","No","No","Yes","No","No","No","No","No","No"
"2818",6073156,"Female","26/27","Community sentence",0,0,0,"CRIMINAL DAMAGE","No","No","No","No","No","No","Yes","No","No","No","No"
"2826",2895352,"Male","31/32","Community sentence",0,0,0,"VIOLENCE AGAINST PERSON","Yes","No","No","No","No","No","No","No","No","No","No"
"2835",5963611,"Male","36/37","Community sentence",0,0,0,"VIOLENCE AGAINST PERSON","Yes","No","No","No","No","No","No","No","No","No","No"
"2839",4509952,"Male","21/22","Community sentence",0,0,0,"VIOLENCE AGAINST PERSON","Yes","No","No","No","No","No","No","No","No","No","No"
"2869",3009481,"Male","21/22","Community sentence",0,0,0,"CRIMINAL DAMAGE","No","No","No","No","No","No","Yes","No","No","No","No"
"2870",4702137,"Female","31/32","Community sentence",0,0,0,"CRIMINAL DAMAGE","No","No","No","No","No","No","Yes","No","No","No","No"
"2871",6081831,"Male","21/22","Community sentence",0,0,0,"VIOLENCE AGAINST PERSON","Yes","No","No","No","No","No","No","No","No","No","No"
"2881",5303013,"Male","31/32","Community sentence",0,0,0,"UNKNOWN/NON-SL","No","No","No","No","No","No","No","No","No","No","Yes"
"2891",782925,"Female","26/27","Custodial sentence",0,0,0,"THEFT","No","No","No","No","Yes","No","No","No","No","No","No"
"2909",5705898,"Female","26/27","Community sentence",0,0,0,"THEFT","No","No","No","No","Yes","No","No","No","No","No","No"
"2910",6040816,"Male","36/37","Community sentence",1,15,15.564681724846,"THEFT","Yes","No","Yes","No","Yes","Yes","Yes","No","Yes","Yes","Yes"
"2912",5952958,"Male","31/32","Community sentence",0,0,0,"SEXUAL OFFENCES","No","Yes","No","No","No","No","No","No","No","No","No"
"2914",5969152,"Male","31/32","Community sentence",0,0,0,"VIOLENCE AGAINST PERSON","Yes","No","No","No","No","No","No","No","No","No","No"
"2917",2893098,"Male","31/32","Community sentence",0,0,0,"VIOLENCE AGAINST PERSON","Yes","No","No","No","No","No","No","No","No","No","No"
"2926",6067706,"Male","21/22","Community sentence",0,0,0,"DRUGS OFFENCES","No","No","No","No","No","No","No","Yes","No","No","No"
"2927",6067864,"Male","31/32","Community sentence",0,0,0,"FRAUD AND FORGERY","No","No","No","No","No","Yes","No","No","No","No","No"
"2935",4738662,"Male","26/27","Community sentence",0,0,0,"OTHER OFFENCES","No","No","No","No","No","No","No","No","Yes","No","No"
"2936",4604186,"Male","21/22","Community sentence",0,0,0,"VIOLENCE AGAINST PERSON","Yes","No","No","No","No","No","No","No","No","No","No"
"2939",3700105,"Male","36/37","Custodial sentence",0,0,0,"THEFT","No","No","No","No","Yes","No","No","No","No","No","No"
"2943",3788651,"Male","21/22","Community sentence",0,0,0,"OTHER OFFENCES","No","No","No","No","Yes","No","No","No","Yes","No","No"
"2946",4439081,"Male","26/27","Community sentence",0,0,0,"BURGLARY","No","No","Yes","No","No","No","No","No","No","No","No"
"2957",5751069,"Male","26/27","Community sentence",0,0,0,"OTHER OFFENCES","No","No","No","No","No","No","No","No","Yes","No","No"
"2974",3941457,"Male","21/22","Community sentence",0,1,2.63107460643395,"FRAUD AND FORGERY","No","No","Yes","No","No","Yes","No","No","No","No","No"
"2989",6090561,"Male","31/32","Community sentence",0,0,0,"OTHER OFFENCES","No","No","No","No","No","No","No","No","Yes","No","No"
"3003",1255614,"Male","21/22","Community sentence",0,0,0,"VIOLENCE AGAINST PERSON","Yes","No","No","No","No","No","Yes","No","No","No","No"
"3004",6134493,"Male","26/27","Community sentence",0,2,9.00752908966461,"VIOLENCE AGAINST PERSON","Yes","No","No","No","Yes","Yes","No","No","No","No","No"
"3008",6095449,"Male","36/37","Community sentence",0,11,17.4346338124572,"DRUGS OFFENCES","No","No","Yes","No","Yes","Yes","Yes","Yes","No","No","No"
"3013",5354300,"Male","36/37","Community sentence",0,2,20.7200547570157,"VIOLENCE AGAINST PERSON","Yes","No","No","No","Yes","No","No","No","No","No","No"
"3016",6047566,"Male","36/37","Community sentence",0,1,20.3394934976044,"THEFT","Yes","No","No","No","Yes","No","No","No","Yes","No","No"
"3044",3535671,"Female","36/37","Community sentence",0,0,0,"THEFT","No","No","No","No","Yes","No","No","No","No","No","No"
"3057",6038000,"Male","21/22","Community sentence",0,1,3.26078028747433,"CRIMINAL DAMAGE","No","Yes","No","No","No","No","Yes","No","No","No","No"
"3073",5339502,"Male","21/22","Community sentence",0,0,0,"CRIMINAL DAMAGE","No","No","No","No","No","No","Yes","No","No","No","No"
"3079",5523451,"Male","26/27","Community sentence",0,0,0,"THEFT","No","No","No","No","Yes","No","No","No","No","No","No"
"3092",6047392,"Female","21/22","Community sentence",0,0,0,"THEFT","No","No","No","No","Yes","No","No","No","No","No","No"
"3093",3642527,"Female","21/22","Community sentence",0,0,0,"VIOLENCE AGAINST PERSON","Yes","No","No","No","No","No","No","No","No","No","No"
"3102",5750327,"Male","26/27","Community sentence",0,0,0,"THEFT","No","No","No","No","Yes","No","No","No","No","No","No"
"3110",3608153,"Male","21/22","Community sentence",0,0,0,"THEFT","No","No","No","No","Yes","No","No","No","No","No","No"
"3134",5986124,"Male","26/27","Community sentence",0,0,0,"THEFT","No","No","No","No","Yes","Yes","No","No","No","No","No"
"3142",5955100,"Female","36/37","Community sentence",0,1,3.89322381930185,"THEFT","No","No","No","No","Yes","Yes","No","No","No","No","No"
"3150",6128804,"Female","21/22","Community sentence",0,0,0,"CRIMINAL DAMAGE","No","No","No","No","No","No","Yes","No","No","No","No"
"3157",6500476,"Male","31/32","Community sentence",4,12,16.062970568104,"THEFT","No","No","Yes","Yes","Yes","Yes","Yes","No","No","No","Yes"
"3184",6032826,"Male","31/32","Community sentence",0,1,3.30732375085558,"VIOLENCE AGAINST PERSON","Yes","No","No","No","No","Yes","No","No","No","No","No"
"3198",6121395,"Female","26/27","Community sentence",0,0,0,"THEFT","No","No","No","No","Yes","No","No","No","No","No","No"
"3204",5478719,"Male","21/22","Community sentence",0,0,0,"OTHER OFFENCES","No","No","No","No","Yes","No","No","No","Yes","No","No"
"3210",6047500,"Female","36/37","Community sentence",0,0,0,"CRIMINAL DAMAGE","No","No","No","No","No","No","Yes","No","No","No","No"
"3211",2505557,"Male","26/27","Community sentence",0,0,0,"FRAUD AND FORGERY","No","No","No","No","No","Yes","No","No","No","No","No"
"3224",6071498,"Male","21/22","Community sentence",0,0,0,"CRIMINAL DAMAGE","No","No","No","No","No","No","Yes","No","No","No","No"
"3231",5441375,"Male","31/32","Community sentence",0,0,0,"CRIMINAL DAMAGE","No","No","No","No","No","No","Yes","No","No","No","No"
"3234",5877216,"Male","21/22","Community sentence",0,0,0,"OTHER OFFENCES","No","No","No","No","No","No","No","No","Yes","No","No"
"3244",291561,"Male","36/37","Custodial sentence",0,1,7.75085557837098,"ROBBERY","Yes","No","No","Yes","No","No","No","No","No","No","No"
"3267",621018,"Male","21/22","Community sentence",0,3,5.83709787816564,"VIOLENCE AGAINST PERSON","Yes","No","Yes","No","Yes","No","No","No","Yes","No","No"
"3273",4655197,"Male","36/37","Community sentence",0,0,0,"DRUGS OFFENCES","No","No","No","No","Yes","Yes","No","Yes","No","No","No"
"3302",3930262,"Male","36/37","Community sentence",0,0,0,"THEFT","No","No","No","No","Yes","No","No","No","No","No","No"
"3324",5421807,"Male","31/32","Community sentence",0,0,0,"BURGLARY","No","No","Yes","No","No","No","No","No","No","No","No"
"3335",4019799,"Male","21/22","Community sentence",0,0,0,"DRUGS OFFENCES","No","No","No","No","No","No","No","Yes","No","No","No"
"3339",2838698,"Male","26/27","Community sentence",0,0,0,"THEFT","No","No","No","No","Yes","No","No","No","No","No","No"
"3344",5350202,"Male","36/37","Community sentence",0,0,0,"DRUGS OFFENCES","No","No","No","No","No","No","No","Yes","No","No","No"
"3353",5986044,"Male","31/32","Community sentence",0,0,0,"SEXUAL OFFENCES","No","Yes","No","No","No","No","No","No","No","No","No"
"3356",4237453,"Male","26/27","Community sentence",0,0,0,"CRIMINAL DAMAGE","No","No","No","No","No","No","Yes","No","No","No","No"
"3365",6016313,"Male","21/22","Community sentence",0,0,0,"THEFT","No","No","No","No","Yes","Yes","No","No","No","No","No"
"3368",4422943,"Male","21/22","Community sentence",0,0,0,"THEFT","No","No","No","No","Yes","No","No","No","No","No","No"
"3376",4628769,"Male","31/32","Community sentence",0,0,0,"THEFT","No","No","No","No","Yes","No","No","No","No","No","No"
"3383",4303327,"Male","21/22","Community sentence",0,0,0,"OTHER OFFENCES","No","No","No","No","No","No","No","No","Yes","No","No"
"3384",6094624,"Male","26/27","Community sentence",0,0,0,"DRUGS OFFENCES","No","No","No","No","No","No","No","Yes","No","No","No"
"3399",6184090,"Male","26/27","Community sentence",0,0,0,"VIOLENCE AGAINST PERSON","Yes","No","No","No","No","No","No","No","No","No","No"
"3407",4046142,"Male","21/22","Community sentence",0,0,0,"CRIMINAL DAMAGE","No","No","No","No","No","No","Yes","No","No","No","No"
"3408",6047530,"Female","31/32","Community sentence",0,0,0,"VIOLENCE AGAINST PERSON","Yes","No","No","No","No","No","No","No","No","No","No"
"3416",6112495,"Male","21/22","Community sentence",0,0,0,"THEFT","No","No","No","No","Yes","No","No","No","No","No","No"
"3449",6761082,"Male","26/27","Community sentence",0,0,0,"VIOLENCE AGAINST PERSON","Yes","No","No","No","No","No","No","No","No","No","No"
"3453",6590021,"Female","36/37","Community sentence",0,0,0,"THEFT","No","No","No","No","Yes","No","No","No","No","No","No"
"3454",6023752,"Male","31/32","Community sentence",0,0,0,"THEFT","No","No","No","No","Yes","No","No","No","No","No","No"
"3459",2062120,"Male","36/37","Custodial sentence",0,0,0,"FRAUD AND FORGERY","No","No","No","No","No","Yes","No","No","No","No","No"
"3460",7093370,"Male","31/32","Community sentence",0,0,0,"CRIMINAL DAMAGE","No","No","No","No","No","No","Yes","No","No","No","No"
"3463",3482699,"Male","21/22","Community sentence",0,0,0,"DRUGS OFFENCES","No","No","No","No","No","No","No","Yes","No","No","No"
"3471",2437408,"Male","21/22","Community sentence",0,0,0,"CRIMINAL DAMAGE","No","No","No","No","No","No","Yes","No","No","No","No"
"3480",5746294,"Male","26/27","Community sentence",1,5,8.70362765229295,"THEFT","Yes","No","Yes","No","Yes","No","No","No","Yes","No","No"
"3488",2458682,"Female","21/22","Community sentence",0,0,0,"FRAUD AND FORGERY","No","No","No","No","Yes","Yes","No","No","No","No","No"
"3494",6064577,"Male","21/22","Community sentence",0,0,0,"VIOLENCE AGAINST PERSON","Yes","No","No","No","No","No","No","No","No","No","No"
"3501",1583372,"Male","21/22","Community sentence",0,0,0,"FRAUD AND FORGERY","No","No","No","No","No","Yes","No","No","No","No","No"
"3516",3482631,"Male","21/22","Community sentence",0,0,0,"CRIMINAL DAMAGE","No","No","No","No","No","No","Yes","No","No","No","No"
"3517",3481613,"Male","21/22","Community sentence",0,0,0,"CRIMINAL DAMAGE","No","No","No","No","No","No","Yes","No","No","No","No"
"3527",6120649,"Male","21/22","Community sentence",0,0,0,"THEFT","No","No","No","No","Yes","No","No","No","No","No","No"
"3543",938000,"Male","21/22","Community sentence",0,0,0,"VIOLENCE AGAINST PERSON","Yes","No","No","No","No","No","No","No","No","No","No"
"3547",4180146,"Male","26/27","Community sentence",0,0,0,"VIOLENCE AGAINST PERSON","Yes","No","No","No","No","No","No","No","No","No","No"
"3550",5001507,"Male","26/27","Community sentence",0,0,0,"CRIMINAL DAMAGE","No","No","No","No","No","No","Yes","No","No","No","No"
"3577",3927383,"Male","26/27","Community sentence",0,0,0,"BURGLARY","No","No","Yes","No","No","No","No","No","No","No","No"
"3589",4578285,"Female","26/27","Community sentence",0,0,0,"OTHER OFFENCES","No","No","No","No","No","No","No","No","Yes","No","No"
"3603",6110390,"Male","21/22","Community sentence",0,0,0,"OTHER OFFENCES","No","No","No","No","No","No","No","No","Yes","No","No"
"3627",5922231,"Male","26/27","Community sentence",0,0,0,"DRUGS OFFENCES","No","No","No","No","No","No","No","Yes","No","No","No"
"3658",4868985,"Female","26/27","Community sentence",0,0,0,"THEFT","No","No","No","No","Yes","No","No","No","No","No","No"
"3665",6024409,"Male","21/22","Community sentence",0,0,0,"THEFT","No","No","No","No","Yes","No","No","No","No","No","No"
"3683",3818245,"Male","21/22","Community sentence",0,0,0,"CRIMINAL DAMAGE","No","No","No","No","No","No","Yes","No","No","No","No"
"3687",4560057,"Female","21/22","Community sentence",0,0,0,"FRAUD AND FORGERY","No","No","No","No","No","Yes","No","No","Yes","No","No"
"3708",2559385,"Male","31/32","Community sentence",0,0,0,"VIOLENCE AGAINST PERSON","Yes","No","No","No","No","No","No","No","No","No","No"
"3788",4906244,"Male","36/37","Community sentence",1,16,18.8090349075975,"BURGLARY","Yes","No","Yes","No","Yes","Yes","Yes","No","No","No","Yes"
"3798",5948727,"Male","21/22","Community sentence",1,4,4.9555099247091,"THEFT","No","No","No","No","Yes","Yes","No","No","No","No","No"
"3822",4836109,"Male","26/27","Community sentence",0,8,10.8117727583847,"DRUGS OFFENCES","Yes","No","Yes","No","Yes","No","Yes","Yes","No","No","No"
"3825",5315000,"Male","21/22","Community sentence",2,8,5.77960301163587,"THEFT","Yes","No","Yes","No","Yes","Yes","No","Yes","No","No","No"
